Timestamp,あなたのID,PWを入力ください,あなたの性別,あなたの年齢,神経過敏に感じましたか,絶望的だと感じましたか,そわそわ、落ち着かなく感じましたか,気分が沈み込んで、何が起こっても気が晴れないように感じましたか,何をするのも骨折りだと感じましたか,自分は価値のない人間だと感じましたか,1	ひとりでいるよりもだれかと一緒にいるときの方がはるかに居心地が悪い,2	わたしの表情は、自分の本当の気持ちについて誤解をまねいてしまう,3	人付き合いに自信がある,4	ストレスがかかると融通がきかず杓子定規な行動パターンをとるので、人から変だと思われる,5	人が自分を利用しようとしていることに気づかない,6	人と一緒にいるよりひとりでいる方が好きだ,7	たいていの場合、人の気持ちがわかる,8	わたしの行動は、変わっているとか変だと人に思われる,9	自分の身のまわりの世話を人に頼り過ぎている,10	物事を文字通りに受け取りすぎるので、会話の意図を一部誤解してしまう,11	自分に自信がある,12	自分の気持ちを人に伝えることができる,13	人と交互にやりとりするのが苦手だ（例えば、会話のやりとりについていけないなど）,14	手や足をバランスよく使う運動が苦手だ,15	人が口調や表情を変えれば、たいていの場合、それに気づき、その理由がわかる,16	人と視線を合わせない、あるいは、視線の合わせ方が変わっていると言われる,17	何か不公平なことがあれば、わたしにはわかる,18	一生懸命がんばっても、なかなか友だちを作れない,19	会話をしているとき、自分の考えをうまく伝えられずいらいらする,20	ある種の感覚に対するわたしの興味のもち方は、普通あまりみられないものだ（例えば、匂いのかぎ方やものの味方が独特であるなど）,21	状況的に望ましいときには、人の動作や表情をまねることができる,22	うまく人付き合いができる,23	勧められるか強いられないかぎり、団体行動や社交行事には参加しない,24	いつもの決まったやり方を変えるのが人よりも苦手だ,25	周囲から浮いていたり、周囲と「波長が合わない」ことを気にしていない,26	人が悲しんでいると慰める,27	人とのやりとりを自分から始めようとはしない,28	同じことを何度も繰り返し考えたり話したりする,29	人から変わっているとか変だと思われている,30	いろいろなことが自分のまわりで同時進行している場面では、とまどってしまう,31	一つのことを考え始めると、それにとらわれて他のことを考えられない,32	身体を清潔にしている,33	いくら礼儀を心がけても、人付き合いがうまくいかない,34	自分と親しくしようとしてくる人を避ける,35	日常会話の流れにうまくのれない,36	家族とうまくやっていけない,37	家族以外の人とうまくやっていけない,38	相手の気分の変化（例えば、友人が楽しい気分から悲しい気分に変わったときなど）に合わせた行動がとれる,39	興味をもつ話題が少なすぎるとか、その話題に夢中になりすぎだと思われている,40	想像力が豊かだ,41	自分が何の目的もなく次々とやることを変えているように思えることがある,42	ある種の音や手触り、匂いを気にしすぎる,43	雑談（人とのくだけた会話）が楽しい,44	たいていの人より因果関係（出来事の原因が何であるか）を理解するのが苦手だ,45	まわりの人が注意を向けているものに興味をもつ,46	わたしの表情は真剣すぎると人に思われている,47	場にふさわしくないときに笑う,48	ユーモアのセンスがあり、冗談がわかる,49	特定の知的作業はとてもうまくできるが、その他のことはそれほどうまくできない,50	同じ動作を繰り返すので、他の人から変だと思われている,51	質問に的確に答えられず、その話題についての話がまわりくどくなってしまう,52	知らない間に声が大きくなりすぎる,53	わたしの話し声は平坦な方だ（つまり、ほとんどの人より抑揚の変化が小さい）,54	ともすれば人のことをものと同じように考えてしまう,55	知らない間に相手に近づきすぎたり、相手の個人空間（パーソナルスペース）に侵入してしまう,56	話し合おうとしている二人の間をうっかり通ってしまうことがある,57	孤立する方だ,58	全体像より部分に目を向けすぎる,59	たいていの人より疑い深い,60	よそよそしく、感情を表に出さないと人に思われている,61	融通がきかない方だ,62	何かする理由を言うと、相手に変わっているとか筋が通らないと思われてしまう,63	わたしの挨拶の仕方は変わっている,64 ひとりのときよりも、だれかと一緒にいる方がはるかに緊張する,65 気がつけば、じっと宙を見つめている
11/10/2025 14:26:27,44,5612,女性,32,ときどき,少しだけ,ときどき,少しだけ,少しだけ,ときどき,2,1,1,2,2,3,2,2,4,3,1,1,2,2,3,1,3,2,3,1,3,1,4,4,3,2,4,4,2,3,3,4,3,3,2,2,3,2,3,2,3,1,2,1,2,1,2,2,3,2,2,2,1,1,3,2,3,2,2,2,2,1,1,2,1
11/10/2025 14:41:31,18,5612,女性,23,ときどき,ときどき,ときどき,ときどき,ときどき,ときどき,1,2,1,1,1,2,3,2,1,2,1,1,2,4,2,2,2,2,1,2,2,2,2,1,1,2,2,2,1,2,3,3,1,1,2,2,2,3,1,3,3,2,3,2,2,2,1,2,2,1,3,1,3,2,1,1,2,2,1,3,2,2,1,3,1
11/10/2025 14:42:01,23,5612,女性,25,少しだけ,全くない,少しだけ,ときどき,少しだけ,全くない,2,2,1,2,3,4,2,2,1,3,1,3,4,3,3,2,2,3,4,2,2,1,2,3,2,2,3,3,3,2,2,4,3,3,4,1,2,2,3,3,2,3,3,3,2,3,2,1,2,2,2,2,2,2,2,2,3,3,3,2,3,2,2,3,2
11/10/2025 14:42:20,41,5612,女性,48,全くない,全くない,全くない,全くない,全くない,全くない,1,1,3,1,1,2,3,1,1,1,3,3,1,1,4,1,3,1,2,1,4,3,1,1,1,4,1,1,1,1,1,4,1,1,1,1,1,4,1,3,1,1,4,1,4,1,1,4,1,1,1,1,1,1,1,1,1,1,1,1,1,1,1,1,1
11/10/2025 14:44:39,35,5612,男性,37,全くない,少しだけ,全くない,少しだけ,少しだけ,全くない,1,1,1,1,2,4,2,1,1,1,2,2,1,2,2,3,2,2,1,1,3,3,4,2,3,3,2,3,2,3,2,4,1,1,1,1,1,3,1,3,2,1,3,1,3,1,1,4,1,1,1,1,3,1,1,1,1,1,1,1,1,1,1,2,1
11/10/2025 14:47:42,8,5612,女性,32,全くない,全くない,全くない,全くない,少しだけ,全くない,2,2,3,1,2,2,3,1,2,2,2,2,2,1,3,2,2,1,2,1,3,3,2,2,1,3,1,2,1,1,1,4,1,1,1,1,1,3,1,3,1,1,3,1,2,1,1,3,1,1,2,2,1,1,1,1,2,2,1,1,1,1,1,2,1
11/10/2025 14:50:38,20,5612,女性,38,ときどき,少しだけ,ときどき,ときどき,少しだけ,少しだけ,2,1,3,2,3,3,3,3,1,2,4,4,1,1,3,1,3,1,1,1,4,3,2,2,3,4,1,3,2,3,2,4,1,2,1,1,1,4,1,3,3,2,4,1,3,1,1,4,1,1,3,3,1,1,1,1,1,2,1,1,1,1,1,2,1
11/10/2025 15:03:33,12,5612,男性,32,全くない,全くない,全くない,全くない,全くない,全くない,3,2,1,1,1,4,1,1,1,1,1,1,1,1,1,2,3,1,1,1,1,1,4,1,3,1,3,1,1,1,2,3,1,1,1,1,1,2,1,1,1,1,2,1,1,1,1,1,3,1,2,1,2,1,1,1,2,1,1,1,2,1,1,3,1
11/10/2025 15:03:52,45,5612,ノンバイナリー,32,少しだけ,少しだけ,少しだけ,全くない,ときどき,全くない,3,1,3,2,1,4,3,2,1,2,3,4,1,2,4,1,2,1,2,1,4,3,1,1,3,4,1,2,1,3,1,4,1,2,1,3,1,4,1,4,1,1,3,1,4,2,1,3,1,1,2,1,3,1,1,1,1,2,1,1,1,1,1,2,1
11/10/2025 15:25:42,28,5612,男性,23,全くない,全くない,少しだけ,全くない,少しだけ,全くない,2,1,3,2,3,3,2,3,2,2,2,3,2,2,3,2,2,2,2,1,3,3,2,3,4,3,2,1,3,2,1,3,1,3,2,3,1,2,3,3,2,1,3,2,1,1,2,2,2,1,2,3,2,1,1,2,2,2,2,3,1,1,1,3,1
11/10/2025 15:26:57,24,5612,女性,21,ときどき,全くない,たいてい,全くない,全くない,たいてい,1,1,2,1,4,2,1,3,1,1,2,2,3,1,2,3,2,1,1,1,4,2,1,1,4,3,1,4,3,4,4,4,2,1,1,1,1,2,2,4,4,4,4,2,3,2,4,4,2,2,4,4,1,4,4,1,2,4,1,1,4,4,1,4,4
11/10/2025 15:27:59,7,5612,女性,21,少しだけ,全くない,少しだけ,ときどき,ときどき,全くない,1,2,1,2,2,4,3,4,1,2,2,2,3,4,3,3,2,3,3,4,3,1,2,2,4,2,2,3,3,4,4,4,3,2,3,1,2,2,3,2,3,4,2,1,2,1,1,2,2,1,3,1,4,2,1,1,4,3,3,3,1,2,2,4,2
11/10/2025 16:25:35,25,5612,女性,32,少しだけ,全くない,少しだけ,全くない,全くない,全くない,1,1,2,1,1,3,3,3,1,2,3,4,2,1,4,1,4,2,1,2,3,3,4,1,4,1,1,1,2,2,1,4,1,2,2,2,1,4,1,3,2,3,4,1,2,2,1,4,1,1,1,1,2,2,1,1,3,1,2,2,2,2,1,4,1
11/10/2025 16:32:26,40,5612,女性,25,全くない,少しだけ,ときどき,少しだけ,ときどき,ときどき,2,2,1,1,1,2,2,1,2,1,1,1,3,1,3,1,2,2,3,1,4,2,1,2,1,3,1,1,1,2,1,4,2,1,2,2,2,3,2,1,1,1,3,2,3,3,1,1,1,1,3,1,3,1,1,1,3,1,3,2,3,1,1,2,1
11/10/2025 17:23:39,50,5612,女性,32,たいてい,全くない,少しだけ,全くない,少しだけ,全くない,2,1,1,3,1,4,4,2,1,1,3,1,4,1,4,2,4,1,3,4,3,2,2,4,1,3,2,4,3,4,4,4,1,2,2,3,2,3,4,4,1,4,2,1,2,2,2,3,2,1,2,3,1,4,1,1,2,3,4,2,4,1,1,4,2
11/10/2025 17:24:13,46,5612,男性,26,全くない,少しだけ,全くない,全くない,全くない,少しだけ,1,1,2,1,1,1,2,1,1,1,2,3,2,3,3,1,3,2,1,1,3,2,3,1,1,3,1,1,2,2,1,4,2,1,2,1,2,3,1,2,1,1,4,2,3,1,1,2,1,1,1,1,2,1,1,1,3,1,1,1,2,2,1,1,1
11/10/2025 20:37:05,30,5612,女性,22,ときどき,少しだけ,たいてい,少しだけ,少しだけ,少しだけ,2,1,2,2,1,2,3,2,3,2,2,3,2,4,2,2,3,3,3,3,2,2,2,3,2,3,1,3,2,4,4,3,2,1,2,1,2,3,1,4,2,4,3,2,3,1,1,3,3,1,3,2,1,1,3,2,2,3,3,1,3,1,1,2,3
11/10/2025 20:43:53,21,5612,女性,35,少しだけ,全くない,少しだけ,少しだけ,全くない,少しだけ,1,2,4,1,1,2,4,1,1,1,1,3,1,1,4,1,3,1,1,1,4,4,1,1,1,4,1,2,1,1,2,3,1,1,1,3,1,4,1,4,1,4,4,1,3,1,1,3,1,1,1,1,1,1,1,1,1,1,2,1,1,1,1,2,1
11/10/2025 22:19:52,16,5612,女性,46,全くない,全くない,全くない,全くない,全くない,全くない,2,1,2,1,1,4,3,3,1,1,3,3,2,4,4,1,3,3,1,1,1,3,3,1,4,4,1,1,3,2,1,4,1,1,3,4,4,4,1,3,1,1,3,3,1,1,2,4,1,1,1,1,2,2,1,1,1,1,1,1,1,1,1,1,1
11/10/2025 23:37:04,31,5612,男性,40,少しだけ,少しだけ,ときどき,ときどき,少しだけ,少しだけ,2,2,1,3,2,3,2,3,1,2,1,2,3,3,3,3,3,3,3,1,2,2,2,3,3,3,3,3,2,2,3,3,3,2,2,1,2,2,2,2,3,2,2,1,2,2,3,3,1,1,2,2,1,2,2,1,3,2,4,3,2,2,1,3,1
11/11/2025 2:10:42,15,5612,男性,20,少しだけ,少しだけ,少しだけ,全くない,少しだけ,全くない,2,1,1,1,1,3,2,2,1,1,3,3,2,1,3,1,2,2,1,1,3,2,2,1,3,3,2,2,2,1,1,3,2,1,1,1,1,3,1,3,1,2,2,1,2,1,2,3,1,1,1,1,4,1,1,2,2,1,1,3,1,2,1,2,1
11/11/2025 10:09:42,6,5612,女性,22,ときどき,ときどき,ときどき,ときどき,ときどき,ときどき,4,2,1,3,4,4,3,3,2,4,1,1,4,4,3,4,4,4,4,4,4,1,2,4,1,4,2,4,3,4,4,4,4,1,4,2,3,4,4,4,4,4,4,2,4,4,1,2,2,1,4,4,2,2,3,3,2,2,3,2,3,1,1,3,3
11/11/2025 11:20:01,17,5612,女性,35,全くない,少しだけ,全くない,ときどき,全くない,全くない,2,2,3,1,2,2,3,2,2,1,2,2,2,2,3,1,2,1,2,1,1,2,2,2,2,4,2,2,2,2,2,3,1,2,1,1,2,3,2,3,2,2,2,2,2,1,1,2,1,1,2,1,1,1,1,1,2,2,3,1,2,1,1,2,1
11/12/2025 19:47:35,4,5612,男性,33,全くない,全くない,少しだけ,少しだけ,少しだけ,全くない,1,1,4,3,2,1,4,1,2,1,2,3,1,4,4,1,4,1,1,1,4,2,4,2,3,3,2,2,2,2,4,4,2,2,2,1,1,4,3,2,2,1,3,1,3,1,1,2,1,1,1,1,4,2,1,1,2,3,4,4,2,1,1,1,1
11/13/2025 12:56:19,29,5612,女性,28,少しだけ,全くない,ときどき,少しだけ,少しだけ,全くない,3,3,3,2,2,2,3,3,2,2,3,3,2,2,3,1,2,2,3,2,2,3,1,1,2,3,1,2,3,1,1,3,2,1,2,1,1,3,1,4,2,2,3,2,3,1,2,3,2,1,3,2,2,2,2,2,2,2,2,1,2,2,2,2,2
11/14/2025 13:46:40,62,5612,男性,21,少しだけ,全くない,少しだけ,全くない,全くない,全くない,1,1,2,1,1,2,3,3,2,2,2,3,1,2,3,1,3,2,1,1,2,4,2,3,3,4,3,4,4,2,3,4,2,1,1,1,1,4,1,2,2,2,4,2,4,1,3,4,3,1,2,4,2,1,1,4,4,3,3,1,2,1,1,2,1
11/14/2025 13:54:23,58,5612,女性,38,少しだけ,少しだけ,少しだけ,少しだけ,少しだけ,少しだけ,3,3,2,2,3,2,2,2,2,3,2,2,2,2,2,3,4,2,1,1,4,3,2,1,4,4,1,1,1,1,1,4,2,1,2,2,2,2,3,3,3,3,3,2,3,2,2,3,2,2,2,3,2,1,1,1,3,1,3,1,1,1,1,3,1
11/14/2025 14:08:19,33,5612,女性,24,少しだけ,少しだけ,少しだけ,ときどき,全くない,少しだけ,2,1,3,2,3,2,2,3,3,3,3,3,2,2,3,1,2,1,1,1,3,4,2,2,2,4,1,3,3,2,1,4,1,1,1,1,1,3,1,3,3,3,4,1,3,1,3,3,2,1,1,3,1,1,1,1,1,2,2,1,3,1,1,1,1
11/14/2025 14:18:32,55,5612,男性,24,全くない,全くない,全くない,少しだけ,少しだけ,全くない,2,1,2,1,4,3,3,3,1,3,3,2,1,1,2,1,1,2,1,3,4,2,1,3,2,1,3,3,4,3,3,3,2,1,1,3,2,1,3,3,2,1,4,1,3,4,1,2,2,1,3,3,3,3,1,1,3,2,3,4,3,2,1,2,1
11/14/2025 18:27:29,57,5612,男性,28,全くない,全くない,全くない,全くない,全くない,全くない,2,4,2,2,2,4,2,3,1,4,1,3,2,4,3,1,4,1,2,1,4,3,4,3,3,3,1,2,3,4,2,4,1,1,1,1,1,3,1,4,1,2,4,2,4,1,1,4,1,1,3,2,1,4,2,1,2,2,4,1,4,2,1,2,1
11/14/2025 23:46:11,52,5612,女性,47,少しだけ,少しだけ,全くない,少しだけ,少しだけ,少しだけ,2,1,1,1,3,2,3,2,1,1,2,2,1,2,3,1,2,2,1,2,3,2,3,2,2,1,2,2,1,2,1,3,1,2,1,2,1,3,1,3,1,1,3,1,2,2,2,3,1,1,1,1,2,1,1,1,2,1,2,2,1,1,1,1,1
11/16/2025 17:18:18,49,5612,男性,23,全くない,少しだけ,ときどき,少しだけ,少しだけ,全くない,3,1,2,2,1,3,2,3,2,3,3,3,1,3,2,1,4,1,2,2,3,2,3,2,3,3,1,3,3,4,4,4,2,3,2,3,1,3,2,3,3,2,3,2,2,2,2,4,3,2,3,3,2,2,2,3,2,3,3,1,3,2,2,2,1
11/19/2025 20:06:36,47,5612,男性,32,少しだけ,全くない,ときどき,少しだけ,少しだけ,ときどき,1,3,3,2,1,1,3,2,2,2,3,2,2,1,2,2,3,2,4,3,3,2,2,1,2,4,3,4,4,3,3,4,4,3,2,1,1,2,3,3,3,3,3,2,3,3,2,1,3,2,4,3,2,3,3,4,3,4,3,2,1,4,3,2,3
11/29/2025 2:14:26,46,5612,男性,26,全くない,少しだけ,全くない,全くない,全くない,全くない,1,1,2,1,1,2,2,1,2,1,2,3,2,3,4,1,3,2,2,1,3,1,3,2,1,3,1,2,2,2,2,4,2,2,2,1,2,3,1,2,1,1,4,1,3,1,1,3,1,1,1,1,1,1,1,1,3,2,1,1,3,1,1,1,1
12/2/2025 17:18:07,48,5612,女性,35,たいてい,少しだけ,少しだけ,少しだけ,少しだけ,たいてい,3,3,2,3,2,4,2,3,3,2,1,3,1,2,2,1,3,1,1,4,3,3,3,3,4,3,2,1,3,2,3,2,2,1,1,4,2,3,2,3,3,4,3,3,2,1,2,4,2,1,2,2,2,3,3,2,3,4,3,1,3,2,2,4,1
12/15/2025 13:56:40,10,5612,男性,23,少しだけ,全くない,ときどき,ときどき,少しだけ,全くない,2,2,3,1,2,3,3,3,3,2,3,4,1,2,3,2,4,2,2,3,1,2,2,3,2,4,2,3,3,2,2,3,2,1,2,1,2,3,2,3,2,3,4,2,3,2,2,3,3,1,4,2,2,2,2,1,2,3,2,1,1,2,1,2,1
12/15/2025 14:03:44,16,5612,女性,46,全くない,全くない,少しだけ,全くない,少しだけ,全くない,1,1,3,1,3,1,1,2,4,4,2,1,4,1,1,4,2,3,4,2,3,3,3,2,4,4,2,1,3,1,1,4,2,1,1,1,1,4,1,3,2,2,4,2,3,1,1,4,2,1,1,1,1,1,1,1,2,1,1,1,1,1,1,1,1
12/15/2025 17:35:11,22,5612,女性,23,全くない,全くない,ときどき,全くない,全くない,全くない,2,1,3,3,2,2,2,2,3,2,4,3,2,3,4,1,3,2,2,2,3,2,1,4,2,4,2,2,2,3,3,4,2,1,2,1,2,4,1,4,2,2,4,2,3,1,2,4,4,2,4,4,1,1,2,3,2,2,3,1,3,2,2,3,2
12/15/2025 19:34:33,23,5612,女性,25,ときどき,全くない,少しだけ,少しだけ,全くない,全くない,2,2,1,1,3,3,1,2,2,2,2,3,3,4,3,3,2,3,3,3,2,2,3,1,2,3,2,3,1,3,2,3,2,3,1,4,2,3,3,4,4,3,4,3,3,3,3,3,4,4,2,3,3,3,3,3,3,3,3,4,2,3,3,3,3
12/17/2025 12:31:00,15,5612,男性,20,全くない,全くない,全くない,全くない,少しだけ,全くない,3,1,1,1,1,2,3,2,1,1,4,3,2,1,3,2,3,2,1,1,2,2,2,1,3,2,2,2,2,1,1,3,1,1,1,1,1,2,1,3,2,2,2,1,2,1,1,3,1,1,2,1,4,1,1,1,2,1,1,2,1,1,1,1,1
12/17/2025 12:53:15,6,5612,女性,22,たいてい,ときどき,たいてい,ときどき,たいてい,ときどき,4,4,1,3,4,4,3,1,1,4,1,1,4,4,3,4,3,3,4,1,4,3,3,4,1,4,1,4,1,4,4,4,1,1,4,1,3,4,1,4,4,3,4,1,1,1,1,3,1,1,4,4,1,4,3,3,3,4,4,1,4,1,1,4,1
12/18/2025 21:12:39,35,5612,男性,37,全くない,全くない,少しだけ,全くない,全くない,全くない,2,1,2,1,1,3,2,1,1,1,2,4,1,2,2,1,3,1,1,1,4,3,3,1,3,3,2,1,1,2,2,4,1,1,1,1,2,4,1,2,1,1,2,1,2,1,1,3,1,1,1,1,2,1,1,1,1,1,1,1,1,1,1,2,1
12/19/2025 15:23:31,32,5612,男性,34,少しだけ,ときどき,少しだけ,ときどき,ときどき,いつも,3,1,1,2,3,4,2,3,2,4,1,2,3,4,1,1,2,3,2,1,2,1,4,3,2,3,4,3,4,3,3,2,3,1,3,2,3,2,3,2,3,3,2,2,2,2,3,1,2,1,4,3,2,1,1,3,4,3,2,2,3,2,2,4,3
12/19/2025 21:53:05,25,5612,女性,32,少しだけ,全くない,少しだけ,全くない,全くない,全くない,2,2,2,1,2,3,3,3,2,2,2,4,2,1,4,1,3,3,1,3,2,2,4,1,4,1,2,1,2,3,2,4,1,2,2,2,1,2,1,3,2,2,4,1,1,2,1,3,1,1,1,1,2,2,1,1,3,1,2,2,2,2,1,4,2
12/19/2025 22:35:25,28,5612,男性,23,全くない,少しだけ,少しだけ,少しだけ,少しだけ,全くない,3,2,3,1,2,2,3,2,2,2,3,3,1,1,3,1,3,1,1,1,3,3,1,1,1,3,1,2,2,2,3,3,1,1,1,3,1,3,3,3,1,1,3,2,3,3,1,3,1,1,1,1,3,1,1,2,1,3,1,1,1,1,1,2,1
12/20/2025 10:20:44,34,5612,男性,23,少しだけ,全くない,少しだけ,少しだけ,全くない,全くない,2,1,3,2,3,2,2,3,2,3,2,2,2,2,3,2,3,3,2,3,3,3,1,2,2,2,2,3,3,3,2,3,2,1,2,1,2,3,1,2,3,2,4,2,3,2,2,4,2,1,3,2,2,1,1,1,2,1,1,3,1,1,1,2,1
12/20/2025 10:36:28,36,5612,女性,25,全くない,少しだけ,ときどき,ときどき,少しだけ,ときどき,2,2,1,1,2,2,3,3,3,3,2,2,2,1,3,1,3,1,2,1,3,2,1,3,2,3,3,2,3,1,4,3,3,1,1,1,1,2,1,3,3,1,4,3,4,2,1,3,1,1,1,3,1,1,1,2,1,3,3,2,2,1,1,3,1
1/5/2026 12:10:12,60,5612,男性,25,少しだけ,全くない,少しだけ,ときどき,全くない,少しだけ,2,2,2,3,2,3,2,3,2,1,2,3,1,2,3,2,3,3,2,2,3,2,2,2,1,1,2,2,3,2,2,2,3,2,2,2,3,2,2,3,3,2,3,1,3,3,1,2,3,1,2,1,2,2,1,1,3,3,3,3,3,3,2,3,2
1/12/2026 18:36:53,37,5612,女性,渡邉あいみ,全くない,少しだけ,ときどき,少しだけ,ときどき,全くない,2,1,2,1,1,3,2,2,1,1,2,2,1,4,3,1,1,1,1,1,1,3,3,1,1,3,3,4,2,2,3,4,1,1,1,1,1,3,3,2,3,1,4,1,2,1,1,4,2,1,1,3,1,1,1,1,2,3,1,1,3,1,1,1,1
1/13/2026 23:17:09,1,5612,女性,42,全くない,全くない,少しだけ,全くない,少しだけ,全くない,1,1,3,1,1,3,2,1,1,1,2,3,1,2,3,1,2,1,1,1,3,3,2,1,1,2,1,1,1,2,2,4,1,1,1,1,1,3,1,4,1,1,4,1,3,1,2,3,1,1,1,2,1,1,1,1,1,1,1,1,1,1,1,1,1